id,source_id,name,brand,category,category_slug,description,price_usd,price_vnd,discount_percentage,rating,review_count,stock,sku,availability,product_url,image_url,image_path,source
1,1,Essence Mascara Lash Princess,Essence,Làm đẹp,beauty,The Essence Mascara Lash Princess is a popular mascara known for its volumizing and lengthening effects. Achieve dramatic lashes with this long-lasting and cruelty-free formula.,9.99,250000,10.48,2.56,3,99,BEA-ESS-ESS-001,In Stock,https://dummyjson.com/products/1,https://cdn.dummyjson.com/product-images/beauty/essence-mascara-lash-princess/thumbnail.webp,data/catalog/images/product_001.webp,DummyJSON Products API
2,2,Eyeshadow Palette with Mirror,Glamour Beauty,Làm đẹp,beauty,"The Eyeshadow Palette with Mirror offers a versatile range of eyeshadow shades for creating stunning eye looks. With a built-in mirror, it's convenient for on-the-go makeup application.",19.99,500000,18.19,2.86,3,34,BEA-GLA-EYE-002,In Stock,https://dummyjson.com/products/2,https://cdn.dummyjson.com/product-images/beauty/eyeshadow-palette-with-mirror/thumbnail.webp,data/catalog/images/product_002.webp,DummyJSON Products API
3,3,Powder Canister,Velvet Touch,Làm đẹp,beauty,"The Powder Canister is a finely milled setting powder designed to set makeup and control shine. With a lightweight and translucent formula, it provides a smooth and matte finish.",14.99,370000,9.84,4.64,3,89,BEA-VEL-POW-003,In Stock,https://dummyjson.com/products/3,https://cdn.dummyjson.com/product-images/beauty/powder-canister/thumbnail.webp,data/catalog/images/product_003.webp,DummyJSON Products API
4,4,Red Lipstick,Chic Cosmetics,Làm đẹp,beauty,"The Red Lipstick is a classic and bold choice for adding a pop of color to your lips. With a creamy and pigmented formula, it provides a vibrant and long-lasting finish.",12.99,320000,12.16,4.36,3,91,BEA-CHI-LIP-004,In Stock,https://dummyjson.com/products/4,https://cdn.dummyjson.com/product-images/beauty/red-lipstick/thumbnail.webp,data/catalog/images/product_004.webp,DummyJSON Products API
5,5,Red Nail Polish,Nail Couture,Làm đẹp,beauty,"The Red Nail Polish offers a rich and glossy red hue for vibrant and polished nails. With a quick-drying formula, it provides a salon-quality finish at home.",8.99,220000,11.44,4.32,3,79,BEA-NAI-NAI-005,In Stock,https://dummyjson.com/products/5,https://cdn.dummyjson.com/product-images/beauty/red-nail-polish/thumbnail.webp,data/catalog/images/product_005.webp,DummyJSON Products API
6,6,Calvin Klein CK One,Calvin Klein,Nước hoa,fragrances,"CK One by Calvin Klein is a classic unisex fragrance, known for its fresh and clean scent. It's a versatile fragrance suitable for everyday wear.",49.99,1250000,1.89,4.37,3,29,FRA-CAL-CAL-006,In Stock,https://dummyjson.com/products/6,https://cdn.dummyjson.com/product-images/fragrances/calvin-klein-ck-one/thumbnail.webp,data/catalog/images/product_006.webp,DummyJSON Products API
7,7,Chanel Coco Noir Eau De,Chanel,Nước hoa,fragrances,"Coco Noir by Chanel is an elegant and mysterious fragrance, featuring notes of grapefruit, rose, and sandalwood. Perfect for evening occasions.",129.99,3250000,16.51,4.26,3,58,FRA-CHA-CHA-007,In Stock,https://dummyjson.com/products/7,https://cdn.dummyjson.com/product-images/fragrances/chanel-coco-noir-eau-de/thumbnail.webp,data/catalog/images/product_007.webp,DummyJSON Products API
8,8,Dior J'adore,Dior,Nước hoa,fragrances,"J'adore by Dior is a luxurious and floral fragrance, known for its blend of ylang-ylang, rose, and jasmine. It embodies femininity and sophistication.",89.99,2250000,14.72,3.8,3,98,FRA-DIO-DIO-008,In Stock,https://dummyjson.com/products/8,https://cdn.dummyjson.com/product-images/fragrances/dior-j'adore/thumbnail.webp,data/catalog/images/product_008.webp,DummyJSON Products API
9,9,Dolce Shine Eau de,Dolce & Gabbana,Nước hoa,fragrances,"Dolce Shine by Dolce & Gabbana is a vibrant and fruity fragrance, featuring notes of mango, jasmine, and blonde woods. It's a joyful and youthful scent.",69.99,1750000,0.62,3.96,3,4,FRA-DOL-DOL-009,Low Stock,https://dummyjson.com/products/9,https://cdn.dummyjson.com/product-images/fragrances/dolce-shine-eau-de/thumbnail.webp,data/catalog/images/product_009.webp,DummyJSON Products API
10,10,Gucci Bloom Eau de,Gucci,Nước hoa,fragrances,"Gucci Bloom by Gucci is a floral and captivating fragrance, with notes of tuberose, jasmine, and Rangoon creeper. It's a modern and romantic scent.",79.99,2000000,14.39,2.74,3,91,FRA-GUC-GUC-010,In Stock,https://dummyjson.com/products/10,https://cdn.dummyjson.com/product-images/fragrances/gucci-bloom-eau-de/thumbnail.webp,data/catalog/images/product_010.webp,DummyJSON Products API
11,11,Annibale Colombo Bed,Annibale Colombo,Nội thất,furniture,"The Annibale Colombo Bed is a luxurious and elegant bed frame, crafted with high-quality materials for a comfortable and stylish bedroom.",1899.99,47500000,8.57,4.77,3,88,FUR-ANN-ANN-011,In Stock,https://dummyjson.com/products/11,https://cdn.dummyjson.com/product-images/furniture/annibale-colombo-bed/thumbnail.webp,data/catalog/images/product_011.webp,DummyJSON Products API
12,12,Annibale Colombo Sofa,Annibale Colombo,Nội thất,furniture,"The Annibale Colombo Sofa is a sophisticated and comfortable seating option, featuring exquisite design and premium upholstery for your living room.",2499.99,62500000,14.4,3.92,3,60,FUR-ANN-ANN-012,In Stock,https://dummyjson.com/products/12,https://cdn.dummyjson.com/product-images/furniture/annibale-colombo-sofa/thumbnail.webp,data/catalog/images/product_012.webp,DummyJSON Products API
13,13,Bedside Table African Cherry,Furniture Co.,Nội thất,furniture,"The Bedside Table in African Cherry is a stylish and functional addition to your bedroom, providing convenient storage space and a touch of elegance.",299.99,7500000,19.09,2.87,3,64,FUR-FUR-BED-013,In Stock,https://dummyjson.com/products/13,https://cdn.dummyjson.com/product-images/furniture/bedside-table-african-cherry/thumbnail.webp,data/catalog/images/product_013.webp,DummyJSON Products API
14,14,Knoll Saarinen Executive Conference Chair,Knoll,Nội thất,furniture,"The Knoll Saarinen Executive Conference Chair is a modern and ergonomic chair, perfect for your office or conference room with its timeless design.",499.99,12500000,2.01,4.88,3,26,FUR-KNO-KNO-014,In Stock,https://dummyjson.com/products/14,https://cdn.dummyjson.com/product-images/furniture/knoll-saarinen-executive-conference-chair/thumbnail.webp,data/catalog/images/product_014.webp,DummyJSON Products API
15,15,Wooden Bathroom Sink With Mirror,Bath Trends,Nội thất,furniture,"The Wooden Bathroom Sink with Mirror is a unique and stylish addition to your bathroom, featuring a wooden sink countertop and a matching mirror.",799.99,20000000,8.8,3.59,3,7,FUR-BAT-WOO-015,Low Stock,https://dummyjson.com/products/15,https://cdn.dummyjson.com/product-images/furniture/wooden-bathroom-sink-with-mirror/thumbnail.webp,data/catalog/images/product_015.webp,DummyJSON Products API
16,16,Apple,Khác,Thực phẩm,groceries,"Fresh and crisp apples, perfect for snacking or incorporating into various recipes.",1.99,50000,12.62,4.19,3,8,GRO-BRD-APP-016,In Stock,https://dummyjson.com/products/16,https://cdn.dummyjson.com/product-images/groceries/apple/thumbnail.webp,data/catalog/images/product_016.webp,DummyJSON Products API
17,17,Beef Steak,Khác,Thực phẩm,groceries,"High-quality beef steak, great for grilling or cooking to your preferred level of doneness.",12.99,320000,9.61,4.47,3,86,GRO-BRD-BEE-017,In Stock,https://dummyjson.com/products/17,https://cdn.dummyjson.com/product-images/groceries/beef-steak/thumbnail.webp,data/catalog/images/product_017.webp,DummyJSON Products API
18,18,Cat Food,Khác,Thực phẩm,groceries,Nutritious cat food formulated to meet the dietary needs of your feline friend.,8.99,220000,9.58,3.13,3,46,GRO-BRD-FOO-018,In Stock,https://dummyjson.com/products/18,https://cdn.dummyjson.com/product-images/groceries/cat-food/thumbnail.webp,data/catalog/images/product_018.webp,DummyJSON Products API
19,19,Chicken Meat,Khác,Thực phẩm,groceries,"Fresh and tender chicken meat, suitable for various culinary preparations.",9.99,250000,13.7,3.19,3,97,GRO-BRD-CHI-019,In Stock,https://dummyjson.com/products/19,https://cdn.dummyjson.com/product-images/groceries/chicken-meat/thumbnail.webp,data/catalog/images/product_019.webp,DummyJSON Products API
20,20,Cooking Oil,Khác,Thực phẩm,groceries,"Versatile cooking oil suitable for frying, sautéing, and various culinary applications.",4.99,120000,9.33,4.8,3,10,GRO-BRD-COO-020,In Stock,https://dummyjson.com/products/20,https://cdn.dummyjson.com/product-images/groceries/cooking-oil/thumbnail.webp,data/catalog/images/product_020.webp,DummyJSON Products API
21,21,Cucumber,Khác,Thực phẩm,groceries,"Crisp and hydrating cucumbers, ideal for salads, snacks, or as a refreshing side.",1.49,40000,0.16,4.07,3,84,GRO-BRD-CUC-021,In Stock,https://dummyjson.com/products/21,https://cdn.dummyjson.com/product-images/groceries/cucumber/thumbnail.webp,data/catalog/images/product_021.webp,DummyJSON Products API
22,22,Dog Food,Khác,Thực phẩm,groceries,Specially formulated dog food designed to provide essential nutrients for your canine companion.,10.99,270000,10.27,4.55,3,71,GRO-BRD-FOO-022,In Stock,https://dummyjson.com/products/22,https://cdn.dummyjson.com/product-images/groceries/dog-food/thumbnail.webp,data/catalog/images/product_022.webp,DummyJSON Products API
23,23,Eggs,Khác,Thực phẩm,groceries,"Fresh eggs, a versatile ingredient for baking, cooking, or breakfast.",2.99,70000,11.05,2.53,3,9,GRO-BRD-EGG-023,In Stock,https://dummyjson.com/products/23,https://cdn.dummyjson.com/product-images/groceries/eggs/thumbnail.webp,data/catalog/images/product_023.webp,DummyJSON Products API
24,24,Fish Steak,Khác,Thực phẩm,groceries,"Quality fish steak, suitable for grilling, baking, or pan-searing.",14.99,370000,4.23,3.78,3,74,GRO-BRD-FIS-024,In Stock,https://dummyjson.com/products/24,https://cdn.dummyjson.com/product-images/groceries/fish-steak/thumbnail.webp,data/catalog/images/product_024.webp,DummyJSON Products API
25,25,Green Bell Pepper,Khác,Thực phẩm,groceries,"Fresh and vibrant green bell pepper, perfect for adding color and flavor to your dishes.",1.29,30000,0.16,3.25,3,33,GRO-BRD-GRE-025,In Stock,https://dummyjson.com/products/25,https://cdn.dummyjson.com/product-images/groceries/green-bell-pepper/thumbnail.webp,data/catalog/images/product_025.webp,DummyJSON Products API
26,26,Green Chili Pepper,Khác,Thực phẩm,groceries,"Spicy green chili pepper, ideal for adding heat to your favorite recipes.",0.99,20000,1.0,3.66,3,3,GRO-BRD-GRE-026,Low Stock,https://dummyjson.com/products/26,https://cdn.dummyjson.com/product-images/groceries/green-chili-pepper/thumbnail.webp,data/catalog/images/product_026.webp,DummyJSON Products API
27,27,Honey Jar,Khác,Thực phẩm,groceries,"Pure and natural honey in a convenient jar, perfect for sweetening beverages or drizzling over food.",6.99,170000,14.4,3.97,3,34,GRO-BRD-HON-027,In Stock,https://dummyjson.com/products/27,https://cdn.dummyjson.com/product-images/groceries/honey-jar/thumbnail.webp,data/catalog/images/product_027.webp,DummyJSON Products API
28,28,Ice Cream,Khác,Thực phẩm,groceries,"Creamy and delicious ice cream, available in various flavors for a delightful treat.",5.49,140000,8.69,3.39,3,27,GRO-BRD-CRE-028,In Stock,https://dummyjson.com/products/28,https://cdn.dummyjson.com/product-images/groceries/ice-cream/thumbnail.webp,data/catalog/images/product_028.webp,DummyJSON Products API
29,29,Juice,Khác,Thực phẩm,groceries,"Refreshing fruit juice, packed with vitamins and great for staying hydrated.",3.99,100000,12.06,3.94,3,50,GRO-BRD-JUI-029,In Stock,https://dummyjson.com/products/29,https://cdn.dummyjson.com/product-images/groceries/juice/thumbnail.webp,data/catalog/images/product_029.webp,DummyJSON Products API
30,30,Kiwi,Khác,Thực phẩm,groceries,"Nutrient-rich kiwi, perfect for snacking or adding a tropical twist to your dishes.",2.49,60000,15.22,4.93,3,99,GRO-BRD-KIW-030,In Stock,https://dummyjson.com/products/30,https://cdn.dummyjson.com/product-images/groceries/kiwi/thumbnail.webp,data/catalog/images/product_030.webp,DummyJSON Products API
31,31,Lemon,Khác,Thực phẩm,groceries,"Zesty and tangy lemons, versatile for cooking, baking, or making refreshing beverages.",0.79,20000,9.7,3.53,3,31,GRO-BRD-LEM-031,In Stock,https://dummyjson.com/products/31,https://cdn.dummyjson.com/product-images/groceries/lemon/thumbnail.webp,data/catalog/images/product_031.webp,DummyJSON Products API
32,32,Milk,Khác,Thực phẩm,groceries,"Fresh and nutritious milk, a staple for various recipes and daily consumption.",3.49,90000,13.74,2.61,3,27,GRO-BRD-MIL-032,In Stock,https://dummyjson.com/products/32,https://cdn.dummyjson.com/product-images/groceries/milk/thumbnail.webp,data/catalog/images/product_032.webp,DummyJSON Products API
33,33,Mulberry,Khác,Thực phẩm,groceries,"Sweet and juicy mulberries, perfect for snacking or adding to desserts and cereals.",4.99,120000,12.87,4.95,3,99,GRO-BRD-MUL-033,In Stock,https://dummyjson.com/products/33,https://cdn.dummyjson.com/product-images/groceries/mulberry/thumbnail.webp,data/catalog/images/product_033.webp,DummyJSON Products API
34,34,Nescafe Coffee,Khác,Thực phẩm,groceries,"Quality coffee from Nescafe, available in various blends for a rich and satisfying cup.",7.99,200000,1.59,4.82,3,57,GRO-BRD-NES-034,In Stock,https://dummyjson.com/products/34,https://cdn.dummyjson.com/product-images/groceries/nescafe-coffee/thumbnail.webp,data/catalog/images/product_034.webp,DummyJSON Products API
35,35,Potatoes,Khác,Thực phẩm,groceries,"Versatile and starchy potatoes, great for roasting, mashing, or as a side dish.",2.29,60000,5.38,4.81,3,13,GRO-BRD-POT-035,In Stock,https://dummyjson.com/products/35,https://cdn.dummyjson.com/product-images/groceries/potatoes/thumbnail.webp,data/catalog/images/product_035.webp,DummyJSON Products API
36,36,Protein Powder,Khác,Thực phẩm,groceries,"Nutrient-packed protein powder, ideal for supplementing your diet with essential proteins.",19.99,500000,7.59,4.18,3,80,GRO-BRD-PRO-036,In Stock,https://dummyjson.com/products/36,https://cdn.dummyjson.com/product-images/groceries/protein-powder/thumbnail.webp,data/catalog/images/product_036.webp,DummyJSON Products API
37,37,Red Onions,Khác,Thực phẩm,groceries,"Flavorful and aromatic red onions, perfect for adding depth to your savory dishes.",1.99,50000,9.9,4.2,3,82,GRO-BRD-ONI-037,In Stock,https://dummyjson.com/products/37,https://cdn.dummyjson.com/product-images/groceries/red-onions/thumbnail.webp,data/catalog/images/product_037.webp,DummyJSON Products API
38,38,Rice,Khác,Thực phẩm,groceries,"High-quality rice, a staple for various cuisines and a versatile base for many dishes.",5.99,150000,9.29,3.18,3,59,GRO-BRD-RIC-038,In Stock,https://dummyjson.com/products/38,https://cdn.dummyjson.com/product-images/groceries/rice/thumbnail.webp,data/catalog/images/product_038.webp,DummyJSON Products API
39,39,Soft Drinks,Khác,Thực phẩm,groceries,"Assorted soft drinks in various flavors, perfect for refreshing beverages.",1.99,50000,17.48,4.75,3,53,GRO-BRD-SOF-039,In Stock,https://dummyjson.com/products/39,https://cdn.dummyjson.com/product-images/groceries/soft-drinks/thumbnail.webp,data/catalog/images/product_039.webp,DummyJSON Products API
40,40,Strawberry,Khác,Thực phẩm,groceries,"Sweet and succulent strawberries, great for snacking, desserts, or blending into smoothies.",3.99,100000,1.12,3.08,3,46,GRO-BRD-STR-040,In Stock,https://dummyjson.com/products/40,https://cdn.dummyjson.com/product-images/groceries/strawberry/thumbnail.webp,data/catalog/images/product_040.webp,DummyJSON Products API
41,41,Tissue Paper Box,Khác,Thực phẩm,groceries,"Convenient tissue paper box for everyday use, providing soft and absorbent tissues.",2.49,60000,13.28,2.69,3,86,GRO-BRD-TIS-041,In Stock,https://dummyjson.com/products/41,https://cdn.dummyjson.com/product-images/groceries/tissue-paper-box/thumbnail.webp,data/catalog/images/product_041.webp,DummyJSON Products API
42,42,Water,Khác,Thực phẩm,groceries,"Pure and refreshing bottled water, essential for staying hydrated throughout the day.",0.99,20000,14.92,4.96,3,53,GRO-BRD-WAT-042,In Stock,https://dummyjson.com/products/42,https://cdn.dummyjson.com/product-images/groceries/water/thumbnail.webp,data/catalog/images/product_042.webp,DummyJSON Products API
43,43,Decoration Swing,Khác,Trang trí nhà,home-decoration,"The Decoration Swing is a charming addition to your home decor. Crafted with intricate details, it adds a touch of elegance and whimsy to any room.",59.99,1500000,10.41,3.16,3,47,HOM-BRD-DEC-043,In Stock,https://dummyjson.com/products/43,https://cdn.dummyjson.com/product-images/home-decoration/decoration-swing/thumbnail.webp,data/catalog/images/product_043.webp,DummyJSON Products API
44,44,Family Tree Photo Frame,Khác,Trang trí nhà,home-decoration,"The Family Tree Photo Frame is a sentimental and stylish way to display your cherished family memories. With multiple photo slots, it tells the story of your loved ones.",29.99,750000,14.87,4.53,3,77,HOM-BRD-FAM-044,In Stock,https://dummyjson.com/products/44,https://cdn.dummyjson.com/product-images/home-decoration/family-tree-photo-frame/thumbnail.webp,data/catalog/images/product_044.webp,DummyJSON Products API
45,45,House Showpiece Plant,Khác,Trang trí nhà,home-decoration,The House Showpiece Plant is an artificial plant that brings a touch of nature to your home without the need for maintenance. It adds greenery and style to any space.,39.99,1000000,7.46,4.67,3,28,HOM-BRD-HOU-045,In Stock,https://dummyjson.com/products/45,https://cdn.dummyjson.com/product-images/home-decoration/house-showpiece-plant/thumbnail.webp,data/catalog/images/product_045.webp,DummyJSON Products API
46,46,Plant Pot,Khác,Trang trí nhà,home-decoration,"The Plant Pot is a stylish container for your favorite plants. With a sleek design, it complements your indoor or outdoor garden, adding a modern touch to your plant display.",14.99,370000,6.84,3.01,3,59,HOM-BRD-PLA-046,In Stock,https://dummyjson.com/products/46,https://cdn.dummyjson.com/product-images/home-decoration/plant-pot/thumbnail.webp,data/catalog/images/product_046.webp,DummyJSON Products API
47,47,Table Lamp,Khác,Trang trí nhà,home-decoration,"The Table Lamp is a functional and decorative lighting solution for your living space. With a modern design, it provides both ambient and task lighting, enhancing the atmosphere.",49.99,1250000,7.09,3.55,3,9,HOM-BRD-TAB-047,In Stock,https://dummyjson.com/products/47,https://cdn.dummyjson.com/product-images/home-decoration/table-lamp/thumbnail.webp,data/catalog/images/product_047.webp,DummyJSON Products API
48,48,Bamboo Spatula,Khác,Đồ dùng bếp,kitchen-accessories,"The Bamboo Spatula is a versatile kitchen tool made from eco-friendly bamboo. Ideal for flipping, stirring, and serving various dishes.",7.99,200000,2.84,3.27,3,37,KIT-BRD-BAM-048,In Stock,https://dummyjson.com/products/48,https://cdn.dummyjson.com/product-images/kitchen-accessories/bamboo-spatula/thumbnail.webp,data/catalog/images/product_048.webp,DummyJSON Products API
49,49,Black Aluminium Cup,Khác,Đồ dùng bếp,kitchen-accessories,The Black Aluminium Cup is a stylish and durable cup suitable for both hot and cold beverages. Its sleek black design adds a modern touch to your drinkware collection.,5.99,150000,15.65,4.46,3,75,KIT-BRD-BLA-049,In Stock,https://dummyjson.com/products/49,https://cdn.dummyjson.com/product-images/kitchen-accessories/black-aluminium-cup/thumbnail.webp,data/catalog/images/product_049.webp,DummyJSON Products API
50,50,Black Whisk,Khác,Đồ dùng bếp,kitchen-accessories,The Black Whisk is a kitchen essential for whisking and beating ingredients. Its ergonomic handle and sleek design make it a practical and stylish tool.,9.99,250000,10.24,3.9,3,73,KIT-BRD-BLA-050,In Stock,https://dummyjson.com/products/50,https://cdn.dummyjson.com/product-images/kitchen-accessories/black-whisk/thumbnail.webp,data/catalog/images/product_050.webp,DummyJSON Products API
51,51,Boxed Blender,Khác,Đồ dùng bếp,kitchen-accessories,"The Boxed Blender is a powerful and compact blender perfect for smoothies, shakes, and more. Its convenient design and multiple functions make it a versatile kitchen appliance.",39.99,1000000,7.26,4.56,3,9,KIT-BRD-BOX-051,In Stock,https://dummyjson.com/products/51,https://cdn.dummyjson.com/product-images/kitchen-accessories/boxed-blender/thumbnail.webp,data/catalog/images/product_051.webp,DummyJSON Products API
52,52,Carbon Steel Wok,Khác,Đồ dùng bếp,kitchen-accessories,"The Carbon Steel Wok is a versatile cooking pan suitable for stir-frying, sautéing, and deep frying. Its sturdy construction ensures even heat distribution for delicious meals.",29.99,750000,6.53,4.05,3,40,KIT-BRD-CAR-052,In Stock,https://dummyjson.com/products/52,https://cdn.dummyjson.com/product-images/kitchen-accessories/carbon-steel-wok/thumbnail.webp,data/catalog/images/product_052.webp,DummyJSON Products API
53,53,Chopping Board,Khác,Đồ dùng bếp,kitchen-accessories,"The Chopping Board is an essential kitchen accessory for food preparation. Made from durable material, it provides a safe and hygienic surface for cutting and chopping.",12.99,320000,8.03,3.7,3,14,KIT-BRD-CHO-053,In Stock,https://dummyjson.com/products/53,https://cdn.dummyjson.com/product-images/kitchen-accessories/chopping-board/thumbnail.webp,data/catalog/images/product_053.webp,DummyJSON Products API
54,54,Citrus Squeezer Yellow,Khác,Đồ dùng bếp,kitchen-accessories,The Citrus Squeezer in Yellow is a handy tool for extracting juice from citrus fruits. Its vibrant color adds a cheerful touch to your kitchen gadgets.,8.99,220000,12.1,4.63,3,22,KIT-BRD-CIT-054,In Stock,https://dummyjson.com/products/54,https://cdn.dummyjson.com/product-images/kitchen-accessories/citrus-squeezer-yellow/thumbnail.webp,data/catalog/images/product_054.webp,DummyJSON Products API
55,55,Egg Slicer,Khác,Đồ dùng bếp,kitchen-accessories,"The Egg Slicer is a convenient tool for slicing boiled eggs evenly. It's perfect for salads, sandwiches, and other dishes where sliced eggs are desired.",6.99,170000,14.76,3.09,3,40,KIT-BRD-SLI-055,In Stock,https://dummyjson.com/products/55,https://cdn.dummyjson.com/product-images/kitchen-accessories/egg-slicer/thumbnail.webp,data/catalog/images/product_055.webp,DummyJSON Products API
56,56,Electric Stove,Khác,Đồ dùng bếp,kitchen-accessories,The Electric Stove provides a portable and efficient cooking solution. Ideal for small kitchens or as an additional cooking surface for various culinary needs.,49.99,1250000,14.04,4.11,3,21,KIT-BRD-ELE-056,In Stock,https://dummyjson.com/products/56,https://cdn.dummyjson.com/product-images/kitchen-accessories/electric-stove/thumbnail.webp,data/catalog/images/product_056.webp,DummyJSON Products API
57,57,Fine Mesh Strainer,Khác,Đồ dùng bếp,kitchen-accessories,The Fine Mesh Strainer is a versatile tool for straining liquids and sifting dry ingredients. Its fine mesh ensures efficient filtering for smooth cooking and baking.,9.99,250000,3.5,3.04,3,85,KIT-BRD-FIN-057,In Stock,https://dummyjson.com/products/57,https://cdn.dummyjson.com/product-images/kitchen-accessories/fine-mesh-strainer/thumbnail.webp,data/catalog/images/product_057.webp,DummyJSON Products API
58,58,Fork,Khác,Đồ dùng bếp,kitchen-accessories,The Fork is a classic utensil for various dining and serving purposes. Its durable and ergonomic design makes it a reliable choice for everyday use.,3.99,100000,8.07,3.11,3,7,KIT-BRD-FOR-058,In Stock,https://dummyjson.com/products/58,https://cdn.dummyjson.com/product-images/kitchen-accessories/fork/thumbnail.webp,data/catalog/images/product_058.webp,DummyJSON Products API
59,59,Glass,Khác,Đồ dùng bếp,kitchen-accessories,The Glass is a versatile and elegant drinking vessel suitable for a variety of beverages. Its clear design allows you to enjoy the colors and textures of your drinks.,4.99,120000,7.92,4.02,3,46,KIT-BRD-GLA-059,In Stock,https://dummyjson.com/products/59,https://cdn.dummyjson.com/product-images/kitchen-accessories/glass/thumbnail.webp,data/catalog/images/product_059.webp,DummyJSON Products API
60,60,Grater Black,Khác,Đồ dùng bếp,kitchen-accessories,"The Grater in Black is a handy kitchen tool for grating cheese, vegetables, and more. Its sleek design and sharp blades make food preparation efficient and easy.",10.99,270000,3.56,3.21,3,84,KIT-BRD-GRA-060,In Stock,https://dummyjson.com/products/60,https://cdn.dummyjson.com/product-images/kitchen-accessories/grater-black/thumbnail.webp,data/catalog/images/product_060.webp,DummyJSON Products API
61,61,Hand Blender,Khác,Đồ dùng bếp,kitchen-accessories,"The Hand Blender is a versatile kitchen appliance for blending, pureeing, and mixing. Its compact design and powerful motor make it a convenient tool for various recipes.",34.99,870000,17.02,3.86,3,84,KIT-BRD-HAN-061,In Stock,https://dummyjson.com/products/61,https://cdn.dummyjson.com/product-images/kitchen-accessories/hand-blender/thumbnail.webp,data/catalog/images/product_061.webp,DummyJSON Products API
62,62,Ice Cube Tray,Khác,Đồ dùng bếp,kitchen-accessories,The Ice Cube Tray is a practical accessory for making ice cubes in various shapes. Perfect for keeping your drinks cool and adding a fun element to your beverages.,5.99,150000,0.63,4.71,3,13,KIT-BRD-CUB-062,In Stock,https://dummyjson.com/products/62,https://cdn.dummyjson.com/product-images/kitchen-accessories/ice-cube-tray/thumbnail.webp,data/catalog/images/product_062.webp,DummyJSON Products API
63,63,Kitchen Sieve,Khác,Đồ dùng bếp,kitchen-accessories,The Kitchen Sieve is a versatile tool for sifting and straining dry and wet ingredients. Its fine mesh design ensures smooth results in your cooking and baking.,7.99,200000,18.91,3.09,3,68,KIT-BRD-KIT-063,In Stock,https://dummyjson.com/products/63,https://cdn.dummyjson.com/product-images/kitchen-accessories/kitchen-sieve/thumbnail.webp,data/catalog/images/product_063.webp,DummyJSON Products API
64,64,Knife,Khác,Đồ dùng bếp,kitchen-accessories,"The Knife is an essential kitchen tool for chopping, slicing, and dicing. Its sharp blade and ergonomic handle make it a reliable choice for food preparation.",14.99,370000,18.86,3.26,3,7,KIT-BRD-KNI-064,Low Stock,https://dummyjson.com/products/64,https://cdn.dummyjson.com/product-images/kitchen-accessories/knife/thumbnail.webp,data/catalog/images/product_064.webp,DummyJSON Products API
65,65,Lunch Box,Khác,Đồ dùng bếp,kitchen-accessories,"The Lunch Box is a convenient and portable container for packing and carrying your meals. With compartments for different foods, it's perfect for on-the-go dining.",12.99,320000,10.34,4.93,3,94,KIT-BRD-LUN-065,In Stock,https://dummyjson.com/products/65,https://cdn.dummyjson.com/product-images/kitchen-accessories/lunch-box/thumbnail.webp,data/catalog/images/product_065.webp,DummyJSON Products API
66,66,Microwave Oven,Khác,Đồ dùng bếp,kitchen-accessories,"The Microwave Oven is a versatile kitchen appliance for quick and efficient cooking, reheating, and defrosting. Its compact size makes it suitable for various kitchen setups.",89.99,2250000,12.13,4.82,3,59,KIT-BRD-MIC-066,In Stock,https://dummyjson.com/products/66,https://cdn.dummyjson.com/product-images/kitchen-accessories/microwave-oven/thumbnail.webp,data/catalog/images/product_066.webp,DummyJSON Products API
67,67,Mug Tree Stand,Khác,Đồ dùng bếp,kitchen-accessories,The Mug Tree Stand is a stylish and space-saving solution for organizing your mugs. Keep your favorite mugs easily accessible and neatly displayed in your kitchen.,15.99,400000,9.25,2.64,3,88,KIT-BRD-TRE-067,In Stock,https://dummyjson.com/products/67,https://cdn.dummyjson.com/product-images/kitchen-accessories/mug-tree-stand/thumbnail.webp,data/catalog/images/product_067.webp,DummyJSON Products API
68,68,Pan,Khác,Đồ dùng bếp,kitchen-accessories,"The Pan is a versatile and essential cookware item for frying, sautéing, and cooking various dishes. Its non-stick coating ensures easy food release and cleanup.",24.99,620000,3.0,2.79,3,90,KIT-BRD-PRD-068,In Stock,https://dummyjson.com/products/68,https://cdn.dummyjson.com/product-images/kitchen-accessories/pan/thumbnail.webp,data/catalog/images/product_068.webp,DummyJSON Products API
69,69,Plate,Khác,Đồ dùng bếp,kitchen-accessories,The Plate is a classic and essential dishware item for serving meals. Its durable and stylish design makes it suitable for everyday use or special occasions.,3.99,100000,7.31,3.65,3,66,KIT-BRD-PLA-069,In Stock,https://dummyjson.com/products/69,https://cdn.dummyjson.com/product-images/kitchen-accessories/plate/thumbnail.webp,data/catalog/images/product_069.webp,DummyJSON Products API
70,70,Red Tongs,Khác,Đồ dùng bếp,kitchen-accessories,The Red Tongs are versatile kitchen tongs suitable for various cooking and serving tasks. Their vibrant color adds a pop of excitement to your kitchen utensils.,6.99,170000,14.52,4.42,3,82,KIT-BRD-TON-070,In Stock,https://dummyjson.com/products/70,https://cdn.dummyjson.com/product-images/kitchen-accessories/red-tongs/thumbnail.webp,data/catalog/images/product_070.webp,DummyJSON Products API
71,71,Silver Pot With Glass Cap,Khác,Đồ dùng bếp,kitchen-accessories,"The Silver Pot with Glass Cap is a stylish and functional cookware item for boiling, simmering, and preparing delicious meals. Its glass cap allows you to monitor cooking progress.",39.99,1000000,5.7,3.22,3,40,KIT-BRD-SIL-071,In Stock,https://dummyjson.com/products/71,https://cdn.dummyjson.com/product-images/kitchen-accessories/silver-pot-with-glass-cap/thumbnail.webp,data/catalog/images/product_071.webp,DummyJSON Products API
72,72,Slotted Turner,Khác,Đồ dùng bếp,kitchen-accessories,"The Slotted Turner is a kitchen utensil designed for flipping and turning food items. Its slotted design allows excess liquid to drain, making it ideal for frying and sautéing.",8.99,220000,13.35,3.4,3,88,KIT-BRD-SLO-072,In Stock,https://dummyjson.com/products/72,https://cdn.dummyjson.com/product-images/kitchen-accessories/slotted-turner/thumbnail.webp,data/catalog/images/product_072.webp,DummyJSON Products API
73,73,Spice Rack,Khác,Đồ dùng bếp,kitchen-accessories,The Spice Rack is a convenient organizer for your spices and seasonings. Keep your kitchen essentials within reach and neatly arranged with this stylish spice rack.,19.99,500000,12.09,4.87,3,79,KIT-BRD-SPI-073,In Stock,https://dummyjson.com/products/73,https://cdn.dummyjson.com/product-images/kitchen-accessories/spice-rack/thumbnail.webp,data/catalog/images/product_073.webp,DummyJSON Products API
74,74,Spoon,Khác,Đồ dùng bếp,kitchen-accessories,"The Spoon is a versatile kitchen utensil for stirring, serving, and tasting. Its ergonomic design and durable construction make it an essential tool for every kitchen.",4.99,120000,1.53,4.03,3,59,KIT-BRD-SPO-074,In Stock,https://dummyjson.com/products/74,https://cdn.dummyjson.com/product-images/kitchen-accessories/spoon/thumbnail.webp,data/catalog/images/product_074.webp,DummyJSON Products API
75,75,Tray,Khác,Đồ dùng bếp,kitchen-accessories,"The Tray is a functional and decorative item for serving snacks, appetizers, or drinks. Its stylish design makes it a versatile accessory for entertaining guests.",16.99,420000,7.48,4.62,3,71,KIT-BRD-TRA-075,In Stock,https://dummyjson.com/products/75,https://cdn.dummyjson.com/product-images/kitchen-accessories/tray/thumbnail.webp,data/catalog/images/product_075.webp,DummyJSON Products API
76,76,Wooden Rolling Pin,Khác,Đồ dùng bếp,kitchen-accessories,The Wooden Rolling Pin is a classic kitchen tool for rolling out dough for baking. Its smooth surface and sturdy handles make it easy to achieve uniform thickness.,11.99,300000,9.75,2.92,3,80,KIT-BRD-WOO-076,In Stock,https://dummyjson.com/products/76,https://cdn.dummyjson.com/product-images/kitchen-accessories/wooden-rolling-pin/thumbnail.webp,data/catalog/images/product_076.webp,DummyJSON Products API
77,77,Yellow Peeler,Khác,Đồ dùng bếp,kitchen-accessories,The Yellow Peeler is a handy tool for peeling fruits and vegetables with ease. Its bright yellow color adds a cheerful touch to your kitchen gadgets.,5.99,150000,12.48,4.24,3,35,KIT-BRD-YEL-077,In Stock,https://dummyjson.com/products/77,https://cdn.dummyjson.com/product-images/kitchen-accessories/yellow-peeler/thumbnail.webp,data/catalog/images/product_077.webp,DummyJSON Products API
78,78,Apple MacBook Pro 14 Inch Space Grey,Apple,Laptop,laptops,"The MacBook Pro 14 Inch in Space Grey is a powerful and sleek laptop, featuring Apple's M1 Pro chip for exceptional performance and a stunning Retina display.",1999.99,50000000,4.69,3.65,3,24,LAP-APP-APP-078,In Stock,https://dummyjson.com/products/78,https://cdn.dummyjson.com/product-images/laptops/apple-macbook-pro-14-inch-space-grey/thumbnail.webp,data/catalog/images/product_078.webp,DummyJSON Products API
79,79,Asus Zenbook Pro Dual Screen Laptop,Asus,Laptop,laptops,"The Asus Zenbook Pro Dual Screen Laptop is a high-performance device with dual screens, providing productivity and versatility for creative professionals.",1799.99,45000000,11.14,3.95,3,45,LAP-ASU-ASU-079,In Stock,https://dummyjson.com/products/79,https://cdn.dummyjson.com/product-images/laptops/asus-zenbook-pro-dual-screen-laptop/thumbnail.webp,data/catalog/images/product_079.webp,DummyJSON Products API
80,80,Huawei Matebook X Pro,Huawei,Laptop,laptops,"The Huawei Matebook X Pro is a slim and stylish laptop with a high-resolution touchscreen display, offering a premium experience for users on the go.",1399.99,35000000,9.38,4.98,3,75,LAP-HUA-HUA-080,In Stock,https://dummyjson.com/products/80,https://cdn.dummyjson.com/product-images/laptops/huawei-matebook-x-pro/thumbnail.webp,data/catalog/images/product_080.webp,DummyJSON Products API
81,81,Lenovo Yoga 920,Lenovo,Laptop,laptops,"The Lenovo Yoga 920 is a 2-in-1 convertible laptop with a flexible hinge, allowing you to use it as a laptop or tablet, offering versatility and portability.",1099.99,27500000,6.55,2.86,3,40,LAP-LEN-LEN-081,In Stock,https://dummyjson.com/products/81,https://cdn.dummyjson.com/product-images/laptops/lenovo-yoga-920/thumbnail.webp,data/catalog/images/product_081.webp,DummyJSON Products API
82,82,New DELL XPS 13 9300 Laptop,Dell,Laptop,laptops,"The New DELL XPS 13 9300 Laptop is a compact and powerful device, featuring a virtually borderless InfinityEdge display and high-end performance for various tasks.",1499.99,37500000,11.89,2.67,3,74,LAP-DEL-DEL-082,In Stock,https://dummyjson.com/products/82,https://cdn.dummyjson.com/product-images/laptops/new-dell-xps-13-9300-laptop/thumbnail.webp,data/catalog/images/product_082.webp,DummyJSON Products API
83,83,Blue & Black Check Shirt,Fashion Trends,Áo nam,mens-shirts,"The Blue & Black Check Shirt is a stylish and comfortable men's shirt featuring a classic check pattern. Made from high-quality fabric, it's suitable for both casual and semi-formal occasions.",29.99,750000,15.35,3.64,3,38,MEN-FAS-BLU-083,In Stock,https://dummyjson.com/products/83,https://cdn.dummyjson.com/product-images/mens-shirts/blue-&-black-check-shirt/thumbnail.webp,data/catalog/images/product_083.webp,DummyJSON Products API
84,84,Gigabyte Aorus Men Tshirt,Gigabyte,Áo nam,mens-shirts,"The Gigabyte Aorus Men Tshirt is a cool and casual shirt for gaming enthusiasts. With the Aorus logo and sleek design, it's perfect for expressing your gaming style.",24.99,620000,0.94,3.18,3,90,MEN-GIG-GIG-084,In Stock,https://dummyjson.com/products/84,https://cdn.dummyjson.com/product-images/mens-shirts/gigabyte-aorus-men-tshirt/thumbnail.webp,data/catalog/images/product_084.webp,DummyJSON Products API
85,85,Man Plaid Shirt,Classic Wear,Áo nam,mens-shirts,The Man Plaid Shirt is a timeless and versatile men's shirt with a classic plaid pattern. Its comfortable fit and casual style make it a wardrobe essential for various occasions.,34.99,870000,19.5,3.46,3,82,MEN-CLA-PLA-085,In Stock,https://dummyjson.com/products/85,https://cdn.dummyjson.com/product-images/mens-shirts/man-plaid-shirt/thumbnail.webp,data/catalog/images/product_085.webp,DummyJSON Products API
86,86,Man Short Sleeve Shirt,Casual Comfort,Áo nam,mens-shirts,"The Man Short Sleeve Shirt is a breezy and stylish option for warm days. With a comfortable fit and short sleeves, it's perfect for a laid-back yet polished look.",19.99,500000,6.83,2.9,3,2,MEN-CAS-SHO-086,Low Stock,https://dummyjson.com/products/86,https://cdn.dummyjson.com/product-images/mens-shirts/man-short-sleeve-shirt/thumbnail.webp,data/catalog/images/product_086.webp,DummyJSON Products API
87,87,Men Check Shirt,Urban Chic,Áo nam,mens-shirts,"The Men Check Shirt is a classic and versatile shirt featuring a stylish check pattern. Suitable for various occasions, it adds a smart and polished touch to your wardrobe.",27.99,700000,11.38,2.72,3,95,MEN-URB-CHE-087,In Stock,https://dummyjson.com/products/87,https://cdn.dummyjson.com/product-images/mens-shirts/men-check-shirt/thumbnail.webp,data/catalog/images/product_087.webp,DummyJSON Products API
88,88,Nike Air Jordan 1 Red And Black,Nike,Giày nam,mens-shoes,"The Nike Air Jordan 1 in Red and Black is an iconic basketball sneaker known for its stylish design and high-performance features, making it a favorite among sneaker enthusiasts and athletes.",149.99,3750000,4.12,4.77,3,7,MEN-NIK-NIK-088,In Stock,https://dummyjson.com/products/88,https://cdn.dummyjson.com/product-images/mens-shoes/nike-air-jordan-1-red-and-black/thumbnail.webp,data/catalog/images/product_088.webp,DummyJSON Products API
89,89,Nike Baseball Cleats,Nike,Giày nam,mens-shoes,Nike Baseball Cleats are designed for maximum traction and performance on the baseball field. They provide stability and support for players during games and practices.,79.99,2000000,18.04,3.88,3,12,MEN-NIK-NIK-089,In Stock,https://dummyjson.com/products/89,https://cdn.dummyjson.com/product-images/mens-shoes/nike-baseball-cleats/thumbnail.webp,data/catalog/images/product_089.webp,DummyJSON Products API
90,90,Puma Future Rider Trainers,Puma,Giày nam,mens-shoes,"The Puma Future Rider Trainers offer a blend of retro style and modern comfort. Perfect for casual wear, these trainers provide a fashionable and comfortable option for everyday use.",89.99,2250000,4.2,4.9,3,90,MEN-PUM-PUM-090,In Stock,https://dummyjson.com/products/90,https://cdn.dummyjson.com/product-images/mens-shoes/puma-future-rider-trainers/thumbnail.webp,data/catalog/images/product_090.webp,DummyJSON Products API
91,91,Sports Sneakers Off White & Red,Off White,Giày nam,mens-shoes,"The Sports Sneakers in Off White and Red combine style and functionality, making them a fashionable choice for sports enthusiasts. The red and off-white color combination adds a bold and energetic touch.",119.99,3000000,4.97,4.77,3,17,MEN-OFF-SPO-091,In Stock,https://dummyjson.com/products/91,https://cdn.dummyjson.com/product-images/mens-shoes/sports-sneakers-off-white-&-red/thumbnail.webp,data/catalog/images/product_091.webp,DummyJSON Products API
92,92,Sports Sneakers Off White Red,Off White,Giày nam,mens-shoes,"Another variant of the Sports Sneakers in Off White Red, featuring a unique design. These sneakers offer style and comfort for casual occasions.",109.99,2750000,0.04,4.69,3,62,MEN-OFF-SPO-092,In Stock,https://dummyjson.com/products/92,https://cdn.dummyjson.com/product-images/mens-shoes/sports-sneakers-off-white-red/thumbnail.webp,data/catalog/images/product_092.webp,DummyJSON Products API
93,93,Brown Leather Belt Watch,Fashion Timepieces,Đồng hồ nam,mens-watches,"The Brown Leather Belt Watch is a stylish timepiece with a classic design. Featuring a genuine leather strap and a sleek dial, it adds a touch of sophistication to your look.",89.99,2250000,5.99,4.19,3,32,MEN-FAS-BRO-093,In Stock,https://dummyjson.com/products/93,https://cdn.dummyjson.com/product-images/mens-watches/brown-leather-belt-watch/thumbnail.webp,data/catalog/images/product_093.webp,DummyJSON Products API
94,94,Longines Master Collection,Longines,Đồng hồ nam,mens-watches,"The Longines Master Collection is an elegant and refined watch known for its precision and craftsmanship. With a timeless design, it's a symbol of luxury and sophistication.",1499.99,37500000,17.24,3.87,3,100,MEN-LON-LON-094,In Stock,https://dummyjson.com/products/94,https://cdn.dummyjson.com/product-images/mens-watches/longines-master-collection/thumbnail.webp,data/catalog/images/product_094.webp,DummyJSON Products API
95,95,Rolex Cellini Date Black Dial,Rolex,Đồng hồ nam,mens-watches,"The Rolex Cellini Date with Black Dial is a classic and prestigious watch. With a black dial and date complication, it exudes sophistication and is a symbol of Rolex's heritage.",8999.99,225000000,8.88,4.97,3,40,MEN-ROL-ROL-095,In Stock,https://dummyjson.com/products/95,https://cdn.dummyjson.com/product-images/mens-watches/rolex-cellini-date-black-dial/thumbnail.webp,data/catalog/images/product_095.webp,DummyJSON Products API
96,96,Rolex Cellini Moonphase,Rolex,Đồng hồ nam,mens-watches,"The Rolex Cellini Moonphase is a masterpiece of horology, featuring a moon phase complication and exquisite design. It reflects Rolex's commitment to precision and elegance.",12999.99,325000000,17.52,2.58,3,36,MEN-ROL-ROL-096,In Stock,https://dummyjson.com/products/96,https://cdn.dummyjson.com/product-images/mens-watches/rolex-cellini-moonphase/thumbnail.webp,data/catalog/images/product_096.webp,DummyJSON Products API
97,97,Rolex Datejust,Rolex,Đồng hồ nam,mens-watches,"The Rolex Datejust is an iconic and versatile timepiece with a date window. Known for its timeless design and reliability, it's a symbol of Rolex's watchmaking excellence.",10999.99,275000000,3.73,3.66,3,86,MEN-ROL-ROL-097,In Stock,https://dummyjson.com/products/97,https://cdn.dummyjson.com/product-images/mens-watches/rolex-datejust/thumbnail.webp,data/catalog/images/product_097.webp,DummyJSON Products API
98,98,Rolex Submariner Watch,Rolex,Đồng hồ nam,mens-watches,"The Rolex Submariner is a legendary dive watch with a rich history. Known for its durability and water resistance, it's a symbol of adventure and exploration.",13999.99,350000000,5.05,2.69,3,55,MEN-ROL-ROL-098,In Stock,https://dummyjson.com/products/98,https://cdn.dummyjson.com/product-images/mens-watches/rolex-submariner-watch/thumbnail.webp,data/catalog/images/product_098.webp,DummyJSON Products API
99,99,Amazon Echo Plus,Amazon,Phụ kiện di động,mobile-accessories,The Amazon Echo Plus is a smart speaker with built-in Alexa voice control. It features premium sound quality and serves as a hub for controlling smart home devices.,99.99,2500000,12.07,4.99,3,61,MOB-AMA-AMA-099,In Stock,https://dummyjson.com/products/99,https://cdn.dummyjson.com/product-images/mobile-accessories/amazon-echo-plus/thumbnail.webp,data/catalog/images/product_099.webp,DummyJSON Products API
100,100,Apple Airpods,Apple,Phụ kiện di động,mobile-accessories,"The Apple Airpods offer a seamless wireless audio experience. With easy pairing, high-quality sound, and Siri integration, they are perfect for on-the-go listening.",129.99,3250000,15.54,4.15,3,67,MOB-APP-APP-100,In Stock,https://dummyjson.com/products/100,https://cdn.dummyjson.com/product-images/mobile-accessories/apple-airpods/thumbnail.webp,data/catalog/images/product_100.webp,DummyJSON Products API
